file,snapshot,rx,ry,true,prob
dataset\test\bar\snapshot_442_X00_Y00.png,snapshot_442,0,0,0,0.014884786
dataset\test\bar\snapshot_442_X00_Y10.png,snapshot_442,0,10,0,0.00068160647
dataset\test\bar\snapshot_442_X00_Y20.png,snapshot_442,0,20,0,0.019878814
dataset\test\bar\snapshot_442_X00_Y30.png,snapshot_442,0,30,0,0.6396922
dataset\test\bar\snapshot_442_X00_Y40.png,snapshot_442,0,40,0,0.84626603
dataset\test\bar\snapshot_442_X10_Y00.png,snapshot_442,10,0,0,0.13936533
dataset\test\bar\snapshot_442_X10_Y10.png,snapshot_442,10,10,0,0.030054009
dataset\test\bar\snapshot_442_X10_Y20.png,snapshot_442,10,20,0,0.21747977
dataset\test\bar\snapshot_442_X10_Y30.png,snapshot_442,10,30,0,0.07844826
dataset\test\bar\snapshot_442_X10_Y40.png,snapshot_442,10,40,0,0.18479607
dataset\test\bar\snapshot_442_X20_Y00.png,snapshot_442,20,0,0,0.16140899
dataset\test\bar\snapshot_442_X20_Y10.png,snapshot_442,20,10,0,0.0131182335
dataset\test\bar\snapshot_442_X20_Y20.png,snapshot_442,20,20,0,0.22227699
dataset\test\bar\snapshot_442_X20_Y30.png,snapshot_442,20,30,0,0.030176982
dataset\test\bar\snapshot_442_X20_Y40.png,snapshot_442,20,40,0,0.0063790074
dataset\test\bar\snapshot_442_X30_Y00.png,snapshot_442,30,0,0,0.21643804
dataset\test\bar\snapshot_442_X30_Y10.png,snapshot_442,30,10,0,0.71403974
dataset\test\bar\snapshot_442_X30_Y20.png,snapshot_442,30,20,0,0.87688756
dataset\test\bar\snapshot_442_X30_Y30.png,snapshot_442,30,30,0,0.3326011
dataset\test\bar\snapshot_442_X30_Y40.png,snapshot_442,30,40,0,0.16382872
dataset\test\bar\snapshot_442_X40_Y00.png,snapshot_442,40,0,0,0.000950475
dataset\test\bar\snapshot_442_X40_Y10.png,snapshot_442,40,10,0,0.12568106
dataset\test\bar\snapshot_442_X40_Y20.png,snapshot_442,40,20,0,0.49330154
dataset\test\bar\snapshot_442_X40_Y30.png,snapshot_442,40,30,0,0.8272642
dataset\test\bar\snapshot_442_X40_Y40.png,snapshot_442,40,40,0,0.59127516
dataset\test\bar\snapshot_443_X00_Y00.png,snapshot_443,0,0,0,0.0015526814
dataset\test\bar\snapshot_443_X00_Y10.png,snapshot_443,0,10,0,0.00048000232
dataset\test\bar\snapshot_443_X00_Y20.png,snapshot_443,0,20,0,0.011022789
dataset\test\bar\snapshot_443_X00_Y30.png,snapshot_443,0,30,0,0.584401
dataset\test\bar\snapshot_443_X00_Y40.png,snapshot_443,0,40,0,0.5547831
dataset\test\bar\snapshot_443_X10_Y00.png,snapshot_443,10,0,0,0.00018824132
dataset\test\bar\snapshot_443_X10_Y10.png,snapshot_443,10,10,0,0.20247404
dataset\test\bar\snapshot_443_X10_Y20.png,snapshot_443,10,20,0,0.034601312
dataset\test\bar\snapshot_443_X10_Y30.png,snapshot_443,10,30,0,0.17232682
dataset\test\bar\snapshot_443_X10_Y40.png,snapshot_443,10,40,0,0.19221424
dataset\test\bar\snapshot_443_X20_Y00.png,snapshot_443,20,0,0,0.06441076
dataset\test\bar\snapshot_443_X20_Y10.png,snapshot_443,20,10,0,0.0052638883
dataset\test\bar\snapshot_443_X20_Y20.png,snapshot_443,20,20,0,0.39710847
dataset\test\bar\snapshot_443_X20_Y30.png,snapshot_443,20,30,0,0.33585078
dataset\test\bar\snapshot_443_X20_Y40.png,snapshot_443,20,40,0,0.3556138
dataset\test\bar\snapshot_443_X30_Y00.png,snapshot_443,30,0,0,0.00297128
dataset\test\bar\snapshot_443_X30_Y10.png,snapshot_443,30,10,0,0.0041540894
dataset\test\bar\snapshot_443_X30_Y20.png,snapshot_443,30,20,0,0.46608645
dataset\test\bar\snapshot_443_X30_Y30.png,snapshot_443,30,30,0,0.86186534
dataset\test\bar\snapshot_443_X30_Y40.png,snapshot_443,30,40,0,0.729877
dataset\test\bar\snapshot_443_X40_Y00.png,snapshot_443,40,0,0,0.0035592823
dataset\test\bar\snapshot_443_X40_Y10.png,snapshot_443,40,10,0,0.072765306
dataset\test\bar\snapshot_443_X40_Y20.png,snapshot_443,40,20,0,0.48342592
dataset\test\bar\snapshot_443_X40_Y30.png,snapshot_443,40,30,0,0.8187676
dataset\test\bar\snapshot_443_X40_Y40.png,snapshot_443,40,40,0,0.41891053
dataset\test\bar\snapshot_449_X00_Y00.png,snapshot_449,0,0,0,1.661367e-05
dataset\test\bar\snapshot_449_X00_Y10.png,snapshot_449,0,10,0,3.648591e-06
dataset\test\bar\snapshot_449_X00_Y20.png,snapshot_449,0,20,0,0.007801875
dataset\test\bar\snapshot_449_X00_Y30.png,snapshot_449,0,30,0,0.18217987
dataset\test\bar\snapshot_449_X00_Y40.png,snapshot_449,0,40,0,0.34563538
dataset\test\bar\snapshot_449_X10_Y00.png,snapshot_449,10,0,0,0.00028364986
dataset\test\bar\snapshot_449_X10_Y10.png,snapshot_449,10,10,0,2.3850569e-05
dataset\test\bar\snapshot_449_X10_Y20.png,snapshot_449,10,20,0,0.0027247001
dataset\test\bar\snapshot_449_X10_Y30.png,snapshot_449,10,30,0,0.013596192
dataset\test\bar\snapshot_449_X10_Y40.png,snapshot_449,10,40,0,0.021645969
dataset\test\bar\snapshot_449_X20_Y00.png,snapshot_449,20,0,0,0.84520185
dataset\test\bar\snapshot_449_X20_Y10.png,snapshot_449,20,10,0,2.1679196e-05
dataset\test\bar\snapshot_449_X20_Y20.png,snapshot_449,20,20,0,3.5100134e-10
dataset\test\bar\snapshot_449_X20_Y30.png,snapshot_449,20,30,0,0.00045409554
dataset\test\bar\snapshot_449_X20_Y40.png,snapshot_449,20,40,0,0.04182467
dataset\test\bar\snapshot_449_X30_Y00.png,snapshot_449,30,0,0,0.15425457
dataset\test\bar\snapshot_449_X30_Y10.png,snapshot_449,30,10,0,2.0934175e-08
dataset\test\bar\snapshot_449_X30_Y20.png,snapshot_449,30,20,0,6.6750977e-06
dataset\test\bar\snapshot_449_X30_Y30.png,snapshot_449,30,30,0,0.0003907534
dataset\test\bar\snapshot_449_X30_Y40.png,snapshot_449,30,40,0,0.0009870846
dataset\test\bar\snapshot_449_X40_Y00.png,snapshot_449,40,0,0,0.0024676088
dataset\test\bar\snapshot_449_X40_Y10.png,snapshot_449,40,10,0,0.00065529713
dataset\test\bar\snapshot_449_X40_Y20.png,snapshot_449,40,20,0,0.000293017
dataset\test\bar\snapshot_449_X40_Y30.png,snapshot_449,40,30,0,1.2246085e-08
dataset\test\bar\snapshot_449_X40_Y40.png,snapshot_449,40,40,0,0.0014003969
dataset\test\bar\snapshot_454_X00_Y00.png,snapshot_454,0,0,0,0.038124505
dataset\test\bar\snapshot_454_X00_Y10.png,snapshot_454,0,10,0,0.001399551
dataset\test\bar\snapshot_454_X00_Y20.png,snapshot_454,0,20,0,3.871675e-06
dataset\test\bar\snapshot_454_X00_Y30.png,snapshot_454,0,30,0,0.0035934164
dataset\test\bar\snapshot_454_X00_Y40.png,snapshot_454,0,40,0,1.7705659e-05
dataset\test\bar\snapshot_454_X10_Y00.png,snapshot_454,10,0,0,0.0039564674
dataset\test\bar\snapshot_454_X10_Y10.png,snapshot_454,10,10,0,0.73041004
dataset\test\bar\snapshot_454_X10_Y20.png,snapshot_454,10,20,0,6.521093e-05
dataset\test\bar\snapshot_454_X10_Y30.png,snapshot_454,10,30,0,0.0016721529
dataset\test\bar\snapshot_454_X10_Y40.png,snapshot_454,10,40,0,6.256421e-05
dataset\test\bar\snapshot_454_X20_Y00.png,snapshot_454,20,0,0,0.08474443
dataset\test\bar\snapshot_454_X20_Y10.png,snapshot_454,20,10,0,0.5790833
dataset\test\bar\snapshot_454_X20_Y20.png,snapshot_454,20,20,0,0.3140724
dataset\test\bar\snapshot_454_X20_Y30.png,snapshot_454,20,30,0,0.6167826
dataset\test\bar\snapshot_454_X20_Y40.png,snapshot_454,20,40,0,0.02372057
dataset\test\bar\snapshot_454_X30_Y00.png,snapshot_454,30,0,0,0.5368595
dataset\test\bar\snapshot_454_X30_Y10.png,snapshot_454,30,10,0,0.42289242
dataset\test\bar\snapshot_454_X30_Y20.png,snapshot_454,30,20,0,0.8260981
dataset\test\bar\snapshot_454_X30_Y30.png,snapshot_454,30,30,0,0.5214553
dataset\test\bar\snapshot_454_X30_Y40.png,snapshot_454,30,40,0,0.40807307
dataset\test\bar\snapshot_454_X40_Y00.png,snapshot_454,40,0,0,0.19755274
dataset\test\bar\snapshot_454_X40_Y10.png,snapshot_454,40,10,0,0.2968073
dataset\test\bar\snapshot_454_X40_Y20.png,snapshot_454,40,20,0,0.72679496
dataset\test\bar\snapshot_454_X40_Y30.png,snapshot_454,40,30,0,0.9599271
dataset\test\bar\snapshot_454_X40_Y40.png,snapshot_454,40,40,0,0.14630683
dataset\test\bar\snapshot_455_X00_Y00.png,snapshot_455,0,0,0,0.053696778
dataset\test\bar\snapshot_455_X00_Y10.png,snapshot_455,0,10,0,0.0039206184
dataset\test\bar\snapshot_455_X00_Y20.png,snapshot_455,0,20,0,4.894284e-05
dataset\test\bar\snapshot_455_X00_Y30.png,snapshot_455,0,30,0,4.051383e-05
dataset\test\bar\snapshot_455_X00_Y40.png,snapshot_455,0,40,0,6.717719e-06
dataset\test\bar\snapshot_455_X10_Y00.png,snapshot_455,10,0,0,0.024532283
dataset\test\bar\snapshot_455_X10_Y10.png,snapshot_455,10,10,0,0.03839593
dataset\test\bar\snapshot_455_X10_Y20.png,snapshot_455,10,20,0,0.31991175
dataset\test\bar\snapshot_455_X10_Y30.png,snapshot_455,10,30,0,6.145592e-06
dataset\test\bar\snapshot_455_X10_Y40.png,snapshot_455,10,40,0,7.967678e-06
dataset\test\bar\snapshot_455_X20_Y00.png,snapshot_455,20,0,0,0.28158984
dataset\test\bar\snapshot_455_X20_Y10.png,snapshot_455,20,10,0,0.026266884
dataset\test\bar\snapshot_455_X20_Y20.png,snapshot_455,20,20,0,0.5360024
dataset\test\bar\snapshot_455_X20_Y30.png,snapshot_455,20,30,0,0.25096485
dataset\test\bar\snapshot_455_X20_Y40.png,snapshot_455,20,40,0,0.3412928
dataset\test\bar\snapshot_455_X30_Y00.png,snapshot_455,30,0,0,0.64443284
dataset\test\bar\snapshot_455_X30_Y10.png,snapshot_455,30,10,0,0.37120393
dataset\test\bar\snapshot_455_X30_Y20.png,snapshot_455,30,20,0,0.65863895
dataset\test\bar\snapshot_455_X30_Y30.png,snapshot_455,30,30,0,0.94806856
dataset\test\bar\snapshot_455_X30_Y40.png,snapshot_455,30,40,0,0.71861184
dataset\test\bar\snapshot_455_X40_Y00.png,snapshot_455,40,0,0,0.23588376
dataset\test\bar\snapshot_455_X40_Y10.png,snapshot_455,40,10,0,0.43201756
dataset\test\bar\snapshot_455_X40_Y20.png,snapshot_455,40,20,0,0.89686
dataset\test\bar\snapshot_455_X40_Y30.png,snapshot_455,40,30,0,0.9704861
dataset\test\bar\snapshot_455_X40_Y40.png,snapshot_455,40,40,0,0.7224045
dataset\test\bar\snapshot_474_X00_Y00.png,snapshot_474,0,0,0,2.200892e-06
dataset\test\bar\snapshot_474_X00_Y10.png,snapshot_474,0,10,0,0.055317655
dataset\test\bar\snapshot_474_X00_Y20.png,snapshot_474,0,20,0,5.5730434e-06
dataset\test\bar\snapshot_474_X00_Y30.png,snapshot_474,0,30,0,4.1579884e-08
dataset\test\bar\snapshot_474_X00_Y40.png,snapshot_474,0,40,0,3.5069763e-06
dataset\test\bar\snapshot_474_X10_Y00.png,snapshot_474,10,0,0,5.182058e-06
dataset\test\bar\snapshot_474_X10_Y10.png,snapshot_474,10,10,0,3.335137e-05
dataset\test\bar\snapshot_474_X10_Y20.png,snapshot_474,10,20,0,0.002950577
dataset\test\bar\snapshot_474_X10_Y30.png,snapshot_474,10,30,0,0.10795057
dataset\test\bar\snapshot_474_X10_Y40.png,snapshot_474,10,40,0,0.09615151
dataset\test\bar\snapshot_474_X20_Y00.png,snapshot_474,20,0,0,0.068201475
dataset\test\bar\snapshot_474_X20_Y10.png,snapshot_474,20,10,0,0.004802894
dataset\test\bar\snapshot_474_X20_Y20.png,snapshot_474,20,20,0,0.23992199
dataset\test\bar\snapshot_474_X20_Y30.png,snapshot_474,20,30,0,0.69495815
dataset\test\bar\snapshot_474_X20_Y40.png,snapshot_474,20,40,0,0.047405723
dataset\test\bar\snapshot_474_X30_Y00.png,snapshot_474,30,0,0,0.3261115
dataset\test\bar\snapshot_474_X30_Y10.png,snapshot_474,30,10,0,0.23632438
dataset\test\bar\snapshot_474_X30_Y20.png,snapshot_474,30,20,0,0.91855395
dataset\test\bar\snapshot_474_X30_Y30.png,snapshot_474,30,30,0,0.8494773
dataset\test\bar\snapshot_474_X30_Y40.png,snapshot_474,30,40,0,0.85346067
dataset\test\bar\snapshot_474_X40_Y00.png,snapshot_474,40,0,0,0.6849655
dataset\test\bar\snapshot_474_X40_Y10.png,snapshot_474,40,10,0,0.12547617
dataset\test\bar\snapshot_474_X40_Y20.png,snapshot_474,40,20,0,0.07827434
dataset\test\bar\snapshot_474_X40_Y30.png,snapshot_474,40,30,0,0.31550166
dataset\test\bar\snapshot_474_X40_Y40.png,snapshot_474,40,40,0,0.80035394
dataset\test\bar\snapshot_477_X00_Y00.png,snapshot_477,0,0,0,9.149041e-09
dataset\test\bar\snapshot_477_X00_Y10.png,snapshot_477,0,10,0,0.007757982
dataset\test\bar\snapshot_477_X00_Y20.png,snapshot_477,0,20,0,0.0002966922
dataset\test\bar\snapshot_477_X00_Y30.png,snapshot_477,0,30,0,0.7166681
dataset\test\bar\snapshot_477_X00_Y40.png,snapshot_477,0,40,0,0.19032384
dataset\test\bar\snapshot_477_X10_Y00.png,snapshot_477,10,0,0,3.3598266e-05
dataset\test\bar\snapshot_477_X10_Y10.png,snapshot_477,10,10,0,0.0005187975
dataset\test\bar\snapshot_477_X10_Y20.png,snapshot_477,10,20,0,0.072638415
dataset\test\bar\snapshot_477_X10_Y30.png,snapshot_477,10,30,0,0.41920757
dataset\test\bar\snapshot_477_X10_Y40.png,snapshot_477,10,40,0,0.3582317
dataset\test\bar\snapshot_477_X20_Y00.png,snapshot_477,20,0,0,7.104653e-06
dataset\test\bar\snapshot_477_X20_Y10.png,snapshot_477,20,10,0,0.0014012975
dataset\test\bar\snapshot_477_X20_Y20.png,snapshot_477,20,20,0,0.19249746
dataset\test\bar\snapshot_477_X20_Y30.png,snapshot_477,20,30,0,0.34767845
dataset\test\bar\snapshot_477_X20_Y40.png,snapshot_477,20,40,0,0.45340014
dataset\test\bar\snapshot_477_X30_Y00.png,snapshot_477,30,0,0,0.048192434
dataset\test\bar\snapshot_477_X30_Y10.png,snapshot_477,30,10,0,0.13659872
dataset\test\bar\snapshot_477_X30_Y20.png,snapshot_477,30,20,0,0.31157172
dataset\test\bar\snapshot_477_X30_Y30.png,snapshot_477,30,30,0,0.30626145
dataset\test\bar\snapshot_477_X30_Y40.png,snapshot_477,30,40,0,0.43876892
dataset\test\bar\snapshot_477_X40_Y00.png,snapshot_477,40,0,0,0.0068016173
dataset\test\bar\snapshot_477_X40_Y10.png,snapshot_477,40,10,0,0.3682378
dataset\test\bar\snapshot_477_X40_Y20.png,snapshot_477,40,20,0,0.467459
dataset\test\bar\snapshot_477_X40_Y30.png,snapshot_477,40,30,0,0.6759528
dataset\test\bar\snapshot_477_X40_Y40.png,snapshot_477,40,40,0,0.18522541
dataset\test\bar\snapshot_484_X00_Y00.png,snapshot_484,0,0,0,4.696124e-07
dataset\test\bar\snapshot_484_X00_Y10.png,snapshot_484,0,10,0,0.0012162752
dataset\test\bar\snapshot_484_X00_Y20.png,snapshot_484,0,20,0,0.024782963
dataset\test\bar\snapshot_484_X00_Y30.png,snapshot_484,0,30,0,0.25680184
dataset\test\bar\snapshot_484_X00_Y40.png,snapshot_484,0,40,0,0.58857524
dataset\test\bar\snapshot_484_X10_Y00.png,snapshot_484,10,0,0,0.00036638326
dataset\test\bar\snapshot_484_X10_Y10.png,snapshot_484,10,10,0,0.00016335206
dataset\test\bar\snapshot_484_X10_Y20.png,snapshot_484,10,20,0,8.918152e-06
dataset\test\bar\snapshot_484_X10_Y30.png,snapshot_484,10,30,0,6.499671e-07
dataset\test\bar\snapshot_484_X10_Y40.png,snapshot_484,10,40,0,0.14963844
dataset\test\bar\snapshot_484_X20_Y00.png,snapshot_484,20,0,0,3.270261e-05
dataset\test\bar\snapshot_484_X20_Y10.png,snapshot_484,20,10,0,3.4420525e-06
dataset\test\bar\snapshot_484_X20_Y20.png,snapshot_484,20,20,0,3.8447756e-09
dataset\test\bar\snapshot_484_X20_Y30.png,snapshot_484,20,30,0,7.3187643e-06
dataset\test\bar\snapshot_484_X20_Y40.png,snapshot_484,20,40,0,2.5074296e-05
dataset\test\bar\snapshot_484_X30_Y00.png,snapshot_484,30,0,0,0.00019853219
dataset\test\bar\snapshot_484_X30_Y10.png,snapshot_484,30,10,0,5.350163e-06
dataset\test\bar\snapshot_484_X30_Y20.png,snapshot_484,30,20,0,4.921683e-08
dataset\test\bar\snapshot_484_X30_Y30.png,snapshot_484,30,30,0,1.1556005e-09
dataset\test\bar\snapshot_484_X30_Y40.png,snapshot_484,30,40,0,8.994288e-07
dataset\test\bar\snapshot_484_X40_Y00.png,snapshot_484,40,0,0,0.015808262
dataset\test\bar\snapshot_484_X40_Y10.png,snapshot_484,40,10,0,2.2822309e-07
dataset\test\bar\snapshot_484_X40_Y20.png,snapshot_484,40,20,0,2.1731028e-05
dataset\test\bar\snapshot_484_X40_Y30.png,snapshot_484,40,30,0,2.310697e-07
dataset\test\bar\snapshot_484_X40_Y40.png,snapshot_484,40,40,0,0.00011521868
dataset\test\bar\snapshot_500_X00_Y00.png,snapshot_500,0,0,0,3.740972e-05
dataset\test\bar\snapshot_500_X00_Y10.png,snapshot_500,0,10,0,5.7093184e-06
dataset\test\bar\snapshot_500_X00_Y20.png,snapshot_500,0,20,0,0.0011289222
dataset\test\bar\snapshot_500_X00_Y30.png,snapshot_500,0,30,0,0.26336914
dataset\test\bar\snapshot_500_X00_Y40.png,snapshot_500,0,40,0,0.3033813
dataset\test\bar\snapshot_500_X10_Y00.png,snapshot_500,10,0,0,0.000560711
dataset\test\bar\snapshot_500_X10_Y10.png,snapshot_500,10,10,0,0.00026911867
dataset\test\bar\snapshot_500_X10_Y20.png,snapshot_500,10,20,0,0.008221721
dataset\test\bar\snapshot_500_X10_Y30.png,snapshot_500,10,30,0,0.46897092
dataset\test\bar\snapshot_500_X10_Y40.png,snapshot_500,10,40,0,0.38321975
dataset\test\bar\snapshot_500_X20_Y00.png,snapshot_500,20,0,0,4.180445e-08
dataset\test\bar\snapshot_500_X20_Y10.png,snapshot_500,20,10,0,1.6368852e-09
dataset\test\bar\snapshot_500_X20_Y20.png,snapshot_500,20,20,0,6.785076e-09
dataset\test\bar\snapshot_500_X20_Y30.png,snapshot_500,20,30,0,0.13922296
dataset\test\bar\snapshot_500_X20_Y40.png,snapshot_500,20,40,0,0.5852596
dataset\test\bar\snapshot_500_X30_Y00.png,snapshot_500,30,0,0,8.2184664e-07
dataset\test\bar\snapshot_500_X30_Y10.png,snapshot_500,30,10,0,3.5678636e-06
dataset\test\bar\snapshot_500_X30_Y20.png,snapshot_500,30,20,0,9.432363e-07
dataset\test\bar\snapshot_500_X30_Y30.png,snapshot_500,30,30,0,0.12590417
dataset\test\bar\snapshot_500_X30_Y40.png,snapshot_500,30,40,0,0.09549528
dataset\test\bar\snapshot_500_X40_Y00.png,snapshot_500,40,0,0,3.704263e-08
dataset\test\bar\snapshot_500_X40_Y10.png,snapshot_500,40,10,0,1.2861919e-08
dataset\test\bar\snapshot_500_X40_Y20.png,snapshot_500,40,20,0,1.0331126e-05
dataset\test\bar\snapshot_500_X40_Y30.png,snapshot_500,40,30,0,0.00032540795
dataset\test\bar\snapshot_500_X40_Y40.png,snapshot_500,40,40,0,0.01950376
dataset\test\no_bar\snapshot_005_X00_Y00.png,snapshot_005,0,0,1,0.9998496
dataset\test\no_bar\snapshot_005_X00_Y10.png,snapshot_005,0,10,1,0.99908674
dataset\test\no_bar\snapshot_005_X00_Y20.png,snapshot_005,0,20,1,0.99626994
dataset\test\no_bar\snapshot_005_X00_Y30.png,snapshot_005,0,30,1,0.7313192
dataset\test\no_bar\snapshot_005_X00_Y40.png,snapshot_005,0,40,1,0.9249542
dataset\test\no_bar\snapshot_005_X10_Y00.png,snapshot_005,10,0,1,0.9998523
dataset\test\no_bar\snapshot_005_X10_Y10.png,snapshot_005,10,10,1,0.9999205
dataset\test\no_bar\snapshot_005_X10_Y20.png,snapshot_005,10,20,1,0.9560053
dataset\test\no_bar\snapshot_005_X10_Y30.png,snapshot_005,10,30,1,0.87157804
dataset\test\no_bar\snapshot_005_X10_Y40.png,snapshot_005,10,40,1,0.8427794
dataset\test\no_bar\snapshot_005_X20_Y00.png,snapshot_005,20,0,1,0.99472207
dataset\test\no_bar\snapshot_005_X20_Y10.png,snapshot_005,20,10,1,0.9906403
dataset\test\no_bar\snapshot_005_X20_Y20.png,snapshot_005,20,20,1,0.8556888
dataset\test\no_bar\snapshot_005_X20_Y30.png,snapshot_005,20,30,1,0.96546656
dataset\test\no_bar\snapshot_005_X20_Y40.png,snapshot_005,20,40,1,0.85892946
dataset\test\no_bar\snapshot_005_X30_Y00.png,snapshot_005,30,0,1,0.9857418
dataset\test\no_bar\snapshot_005_X30_Y10.png,snapshot_005,30,10,1,0.909692
dataset\test\no_bar\snapshot_005_X30_Y20.png,snapshot_005,30,20,1,0.8380191
dataset\test\no_bar\snapshot_005_X30_Y30.png,snapshot_005,30,30,1,0.6180886
dataset\test\no_bar\snapshot_005_X30_Y40.png,snapshot_005,30,40,1,0.8598487
dataset\test\no_bar\snapshot_005_X40_Y00.png,snapshot_005,40,0,1,0.9567564
dataset\test\no_bar\snapshot_005_X40_Y10.png,snapshot_005,40,10,1,0.85348624
dataset\test\no_bar\snapshot_005_X40_Y20.png,snapshot_005,40,20,1,0.47691527
dataset\test\no_bar\snapshot_005_X40_Y30.png,snapshot_005,40,30,1,0.8889636
dataset\test\no_bar\snapshot_005_X40_Y40.png,snapshot_005,40,40,1,0.9141562
dataset\test\no_bar\snapshot_010_X00_Y00.png,snapshot_010,0,0,1,0.99912626
dataset\test\no_bar\snapshot_010_X00_Y10.png,snapshot_010,0,10,1,0.99848574
dataset\test\no_bar\snapshot_010_X00_Y20.png,snapshot_010,0,20,1,0.9970597
dataset\test\no_bar\snapshot_010_X00_Y30.png,snapshot_010,0,30,1,0.5547256
dataset\test\no_bar\snapshot_010_X00_Y40.png,snapshot_010,0,40,1,0.70931107
dataset\test\no_bar\snapshot_010_X10_Y00.png,snapshot_010,10,0,1,0.9998067
dataset\test\no_bar\snapshot_010_X10_Y10.png,snapshot_010,10,10,1,0.9962719
dataset\test\no_bar\snapshot_010_X10_Y20.png,snapshot_010,10,20,1,0.9946599
dataset\test\no_bar\snapshot_010_X10_Y30.png,snapshot_010,10,30,1,0.94356674
dataset\test\no_bar\snapshot_010_X10_Y40.png,snapshot_010,10,40,1,0.79577196
dataset\test\no_bar\snapshot_010_X20_Y00.png,snapshot_010,20,0,1,0.73531175
dataset\test\no_bar\snapshot_010_X20_Y10.png,snapshot_010,20,10,1,0.9446335
dataset\test\no_bar\snapshot_010_X20_Y20.png,snapshot_010,20,20,1,0.7133388
dataset\test\no_bar\snapshot_010_X20_Y30.png,snapshot_010,20,30,1,0.49980935
dataset\test\no_bar\snapshot_010_X20_Y40.png,snapshot_010,20,40,1,0.88851535
dataset\test\no_bar\snapshot_010_X30_Y00.png,snapshot_010,30,0,1,0.99823755
dataset\test\no_bar\snapshot_010_X30_Y10.png,snapshot_010,30,10,1,0.93609965
dataset\test\no_bar\snapshot_010_X30_Y20.png,snapshot_010,30,20,1,0.7612282
dataset\test\no_bar\snapshot_010_X30_Y30.png,snapshot_010,30,30,1,0.92971516
dataset\test\no_bar\snapshot_010_X30_Y40.png,snapshot_010,30,40,1,0.8597354
dataset\test\no_bar\snapshot_010_X40_Y00.png,snapshot_010,40,0,1,0.95037544
dataset\test\no_bar\snapshot_010_X40_Y10.png,snapshot_010,40,10,1,0.90681684
dataset\test\no_bar\snapshot_010_X40_Y20.png,snapshot_010,40,20,1,0.90267473
dataset\test\no_bar\snapshot_010_X40_Y30.png,snapshot_010,40,30,1,0.68724805
dataset\test\no_bar\snapshot_010_X40_Y40.png,snapshot_010,40,40,1,0.7879904
dataset\test\no_bar\snapshot_041_X00_Y00.png,snapshot_041,0,0,1,0.99949515
dataset\test\no_bar\snapshot_041_X00_Y10.png,snapshot_041,0,10,1,0.9995644
dataset\test\no_bar\snapshot_041_X00_Y20.png,snapshot_041,0,20,1,0.9564662
dataset\test\no_bar\snapshot_041_X00_Y30.png,snapshot_041,0,30,1,0.9945442
dataset\test\no_bar\snapshot_041_X00_Y40.png,snapshot_041,0,40,1,0.79562294
dataset\test\no_bar\snapshot_041_X10_Y00.png,snapshot_041,10,0,1,0.99954003
dataset\test\no_bar\snapshot_041_X10_Y10.png,snapshot_041,10,10,1,0.9996241
dataset\test\no_bar\snapshot_041_X10_Y20.png,snapshot_041,10,20,1,0.9315268
dataset\test\no_bar\snapshot_041_X10_Y30.png,snapshot_041,10,30,1,0.45790902
dataset\test\no_bar\snapshot_041_X10_Y40.png,snapshot_041,10,40,1,0.7727157
dataset\test\no_bar\snapshot_041_X20_Y00.png,snapshot_041,20,0,1,0.99119574
dataset\test\no_bar\snapshot_041_X20_Y10.png,snapshot_041,20,10,1,0.930092
dataset\test\no_bar\snapshot_041_X20_Y20.png,snapshot_041,20,20,1,0.47370803
dataset\test\no_bar\snapshot_041_X20_Y30.png,snapshot_041,20,30,1,0.6854233
dataset\test\no_bar\snapshot_041_X20_Y40.png,snapshot_041,20,40,1,0.94781166
dataset\test\no_bar\snapshot_041_X30_Y00.png,snapshot_041,30,0,1,0.9987839
dataset\test\no_bar\snapshot_041_X30_Y10.png,snapshot_041,30,10,1,0.9957637
dataset\test\no_bar\snapshot_041_X30_Y20.png,snapshot_041,30,20,1,0.8858057
dataset\test\no_bar\snapshot_041_X30_Y30.png,snapshot_041,30,30,1,0.9114958
dataset\test\no_bar\snapshot_041_X30_Y40.png,snapshot_041,30,40,1,0.5864383
dataset\test\no_bar\snapshot_041_X40_Y00.png,snapshot_041,40,0,1,0.08825391
dataset\test\no_bar\snapshot_041_X40_Y10.png,snapshot_041,40,10,1,0.5263795
dataset\test\no_bar\snapshot_041_X40_Y20.png,snapshot_041,40,20,1,0.8607587
dataset\test\no_bar\snapshot_041_X40_Y30.png,snapshot_041,40,30,1,0.9797445
dataset\test\no_bar\snapshot_041_X40_Y40.png,snapshot_041,40,40,1,0.8313
dataset\test\no_bar\snapshot_067_X00_Y00.png,snapshot_067,0,0,1,0.99999756
dataset\test\no_bar\snapshot_067_X00_Y10.png,snapshot_067,0,10,1,0.999999
dataset\test\no_bar\snapshot_067_X00_Y20.png,snapshot_067,0,20,1,0.9506763
dataset\test\no_bar\snapshot_067_X00_Y30.png,snapshot_067,0,30,1,0.9131069
dataset\test\no_bar\snapshot_067_X00_Y40.png,snapshot_067,0,40,1,0.15447652
dataset\test\no_bar\snapshot_067_X10_Y00.png,snapshot_067,10,0,1,0.99986124
dataset\test\no_bar\snapshot_067_X10_Y10.png,snapshot_067,10,10,1,0.9539184
dataset\test\no_bar\snapshot_067_X10_Y20.png,snapshot_067,10,20,1,0.98806673
dataset\test\no_bar\snapshot_067_X10_Y30.png,snapshot_067,10,30,1,0.82870865
dataset\test\no_bar\snapshot_067_X10_Y40.png,snapshot_067,10,40,1,0.7444378
dataset\test\no_bar\snapshot_067_X20_Y00.png,snapshot_067,20,0,1,0.99040836
dataset\test\no_bar\snapshot_067_X20_Y10.png,snapshot_067,20,10,1,0.88696396
dataset\test\no_bar\snapshot_067_X20_Y20.png,snapshot_067,20,20,1,0.31527004
dataset\test\no_bar\snapshot_067_X20_Y30.png,snapshot_067,20,30,1,0.96261716
dataset\test\no_bar\snapshot_067_X20_Y40.png,snapshot_067,20,40,1,0.7084594
dataset\test\no_bar\snapshot_067_X30_Y00.png,snapshot_067,30,0,1,0.96954
dataset\test\no_bar\snapshot_067_X30_Y10.png,snapshot_067,30,10,1,0.7068229
dataset\test\no_bar\snapshot_067_X30_Y20.png,snapshot_067,30,20,1,0.9434928
dataset\test\no_bar\snapshot_067_X30_Y30.png,snapshot_067,30,30,1,0.9836539
dataset\test\no_bar\snapshot_067_X30_Y40.png,snapshot_067,30,40,1,0.7915686
dataset\test\no_bar\snapshot_067_X40_Y00.png,snapshot_067,40,0,1,0.819284
dataset\test\no_bar\snapshot_067_X40_Y10.png,snapshot_067,40,10,1,0.9418277
dataset\test\no_bar\snapshot_067_X40_Y20.png,snapshot_067,40,20,1,0.9673399
dataset\test\no_bar\snapshot_067_X40_Y30.png,snapshot_067,40,30,1,0.5307108
dataset\test\no_bar\snapshot_067_X40_Y40.png,snapshot_067,40,40,1,0.96665263
dataset\test\no_bar\snapshot_072_X00_Y00.png,snapshot_072,0,0,1,0.9999999
dataset\test\no_bar\snapshot_072_X00_Y10.png,snapshot_072,0,10,1,0.9977042
dataset\test\no_bar\snapshot_072_X00_Y20.png,snapshot_072,0,20,1,0.9973248
dataset\test\no_bar\snapshot_072_X00_Y30.png,snapshot_072,0,30,1,0.8525859
dataset\test\no_bar\snapshot_072_X00_Y40.png,snapshot_072,0,40,1,0.06395465
dataset\test\no_bar\snapshot_072_X10_Y00.png,snapshot_072,10,0,1,0.99350333
dataset\test\no_bar\snapshot_072_X10_Y10.png,snapshot_072,10,10,1,0.85683084
dataset\test\no_bar\snapshot_072_X10_Y20.png,snapshot_072,10,20,1,0.8895049
dataset\test\no_bar\snapshot_072_X10_Y30.png,snapshot_072,10,30,1,0.48707682
dataset\test\no_bar\snapshot_072_X10_Y40.png,snapshot_072,10,40,1,0.7871709
dataset\test\no_bar\snapshot_072_X20_Y00.png,snapshot_072,20,0,1,0.99185497
dataset\test\no_bar\snapshot_072_X20_Y10.png,snapshot_072,20,10,1,0.9363155
dataset\test\no_bar\snapshot_072_X20_Y20.png,snapshot_072,20,20,1,0.20468673
dataset\test\no_bar\snapshot_072_X20_Y30.png,snapshot_072,20,30,1,0.8766203
dataset\test\no_bar\snapshot_072_X20_Y40.png,snapshot_072,20,40,1,0.92016494
dataset\test\no_bar\snapshot_072_X30_Y00.png,snapshot_072,30,0,1,0.9949971
dataset\test\no_bar\snapshot_072_X30_Y10.png,snapshot_072,30,10,1,0.03930295
dataset\test\no_bar\snapshot_072_X30_Y20.png,snapshot_072,30,20,1,0.78895366
dataset\test\no_bar\snapshot_072_X30_Y30.png,snapshot_072,30,30,1,0.9145874
dataset\test\no_bar\snapshot_072_X30_Y40.png,snapshot_072,30,40,1,0.86104286
dataset\test\no_bar\snapshot_072_X40_Y00.png,snapshot_072,40,0,1,0.88636976
dataset\test\no_bar\snapshot_072_X40_Y10.png,snapshot_072,40,10,1,0.77535504
dataset\test\no_bar\snapshot_072_X40_Y20.png,snapshot_072,40,20,1,0.957278
dataset\test\no_bar\snapshot_072_X40_Y30.png,snapshot_072,40,30,1,0.9041815
dataset\test\no_bar\snapshot_072_X40_Y40.png,snapshot_072,40,40,1,0.96657366
dataset\test\no_bar\snapshot_171_X00_Y00.png,snapshot_171,0,0,1,0.9799522
dataset\test\no_bar\snapshot_171_X00_Y10.png,snapshot_171,0,10,1,0.9998024
dataset\test\no_bar\snapshot_171_X00_Y20.png,snapshot_171,0,20,1,0.9862632
dataset\test\no_bar\snapshot_171_X00_Y30.png,snapshot_171,0,30,1,0.4564252
dataset\test\no_bar\snapshot_171_X00_Y40.png,snapshot_171,0,40,1,0.7722194
dataset\test\no_bar\snapshot_171_X10_Y00.png,snapshot_171,10,0,1,0.9990307
dataset\test\no_bar\snapshot_171_X10_Y10.png,snapshot_171,10,10,1,0.95823467
dataset\test\no_bar\snapshot_171_X10_Y20.png,snapshot_171,10,20,1,0.6565831
dataset\test\no_bar\snapshot_171_X10_Y30.png,snapshot_171,10,30,1,0.90345335
dataset\test\no_bar\snapshot_171_X10_Y40.png,snapshot_171,10,40,1,0.8673129
dataset\test\no_bar\snapshot_171_X20_Y00.png,snapshot_171,20,0,1,0.99693316
dataset\test\no_bar\snapshot_171_X20_Y10.png,snapshot_171,20,10,1,0.44438362
dataset\test\no_bar\snapshot_171_X20_Y20.png,snapshot_171,20,20,1,0.73709184
dataset\test\no_bar\snapshot_171_X20_Y30.png,snapshot_171,20,30,1,0.87481517
dataset\test\no_bar\snapshot_171_X20_Y40.png,snapshot_171,20,40,1,0.71136796
dataset\test\no_bar\snapshot_171_X30_Y00.png,snapshot_171,30,0,1,0.9636567
dataset\test\no_bar\snapshot_171_X30_Y10.png,snapshot_171,30,10,1,0.9943464
dataset\test\no_bar\snapshot_171_X30_Y20.png,snapshot_171,30,20,1,0.81042254
dataset\test\no_bar\snapshot_171_X30_Y30.png,snapshot_171,30,30,1,0.90970963
dataset\test\no_bar\snapshot_171_X30_Y40.png,snapshot_171,30,40,1,0.77861786
dataset\test\no_bar\snapshot_171_X40_Y00.png,snapshot_171,40,0,1,0.9324174
dataset\test\no_bar\snapshot_171_X40_Y10.png,snapshot_171,40,10,1,0.9604721
dataset\test\no_bar\snapshot_171_X40_Y20.png,snapshot_171,40,20,1,0.9610646
dataset\test\no_bar\snapshot_171_X40_Y30.png,snapshot_171,40,30,1,0.82106817
dataset\test\no_bar\snapshot_171_X40_Y40.png,snapshot_171,40,40,1,0.76713187
dataset\test\no_bar\snapshot_187_X00_Y00.png,snapshot_187,0,0,1,0.91933614
dataset\test\no_bar\snapshot_187_X00_Y10.png,snapshot_187,0,10,1,0.9995299
dataset\test\no_bar\snapshot_187_X00_Y20.png,snapshot_187,0,20,1,0.99497044
dataset\test\no_bar\snapshot_187_X00_Y30.png,snapshot_187,0,30,1,0.9023922
dataset\test\no_bar\snapshot_187_X00_Y40.png,snapshot_187,0,40,1,0.87195027
dataset\test\no_bar\snapshot_187_X10_Y00.png,snapshot_187,10,0,1,0.9994441
dataset\test\no_bar\snapshot_187_X10_Y10.png,snapshot_187,10,10,1,0.10543218
dataset\test\no_bar\snapshot_187_X10_Y20.png,snapshot_187,10,20,1,0.79270864
dataset\test\no_bar\snapshot_187_X10_Y30.png,snapshot_187,10,30,1,0.97395474
dataset\test\no_bar\snapshot_187_X10_Y40.png,snapshot_187,10,40,1,0.84631395
dataset\test\no_bar\snapshot_187_X20_Y00.png,snapshot_187,20,0,1,0.9999816
dataset\test\no_bar\snapshot_187_X20_Y10.png,snapshot_187,20,10,1,0.9286947
dataset\test\no_bar\snapshot_187_X20_Y20.png,snapshot_187,20,20,1,0.99202806
dataset\test\no_bar\snapshot_187_X20_Y30.png,snapshot_187,20,30,1,0.8060231
dataset\test\no_bar\snapshot_187_X20_Y40.png,snapshot_187,20,40,1,0.92465943
dataset\test\no_bar\snapshot_187_X30_Y00.png,snapshot_187,30,0,1,0.99961317
dataset\test\no_bar\snapshot_187_X30_Y10.png,snapshot_187,30,10,1,0.86744916
dataset\test\no_bar\snapshot_187_X30_Y20.png,snapshot_187,30,20,1,0.8300895
dataset\test\no_bar\snapshot_187_X30_Y30.png,snapshot_187,30,30,1,0.86989605
dataset\test\no_bar\snapshot_187_X30_Y40.png,snapshot_187,30,40,1,0.9634358
dataset\test\no_bar\snapshot_187_X40_Y00.png,snapshot_187,40,0,1,0.9481358
dataset\test\no_bar\snapshot_187_X40_Y10.png,snapshot_187,40,10,1,0.61432576
dataset\test\no_bar\snapshot_187_X40_Y20.png,snapshot_187,40,20,1,0.3926559
dataset\test\no_bar\snapshot_187_X40_Y30.png,snapshot_187,40,30,1,0.32899597
dataset\test\no_bar\snapshot_187_X40_Y40.png,snapshot_187,40,40,1,0.30490893
dataset\test\no_bar\snapshot_223_X00_Y00.png,snapshot_223,0,0,1,0.99999785
dataset\test\no_bar\snapshot_223_X00_Y10.png,snapshot_223,0,10,1,0.99986875
dataset\test\no_bar\snapshot_223_X00_Y20.png,snapshot_223,0,20,1,0.9857195
dataset\test\no_bar\snapshot_223_X00_Y30.png,snapshot_223,0,30,1,0.57987475
dataset\test\no_bar\snapshot_223_X00_Y40.png,snapshot_223,0,40,1,0.9359891
dataset\test\no_bar\snapshot_223_X10_Y00.png,snapshot_223,10,0,1,0.99997365
dataset\test\no_bar\snapshot_223_X10_Y10.png,snapshot_223,10,10,1,0.09723294
dataset\test\no_bar\snapshot_223_X10_Y20.png,snapshot_223,10,20,1,0.9704654
dataset\test\no_bar\snapshot_223_X10_Y30.png,snapshot_223,10,30,1,0.85334027
dataset\test\no_bar\snapshot_223_X10_Y40.png,snapshot_223,10,40,1,0.82415104
dataset\test\no_bar\snapshot_223_X20_Y00.png,snapshot_223,20,0,1,0.9958739
dataset\test\no_bar\snapshot_223_X20_Y10.png,snapshot_223,20,10,1,0.8747137
dataset\test\no_bar\snapshot_223_X20_Y20.png,snapshot_223,20,20,1,0.8721382
dataset\test\no_bar\snapshot_223_X20_Y30.png,snapshot_223,20,30,1,0.69421875
dataset\test\no_bar\snapshot_223_X20_Y40.png,snapshot_223,20,40,1,0.42935455
dataset\test\no_bar\snapshot_223_X30_Y00.png,snapshot_223,30,0,1,0.9947121
dataset\test\no_bar\snapshot_223_X30_Y10.png,snapshot_223,30,10,1,0.9970783
dataset\test\no_bar\snapshot_223_X30_Y20.png,snapshot_223,30,20,1,0.67398965
dataset\test\no_bar\snapshot_223_X30_Y30.png,snapshot_223,30,30,1,0.8818571
dataset\test\no_bar\snapshot_223_X30_Y40.png,snapshot_223,30,40,1,0.9266218
dataset\test\no_bar\snapshot_223_X40_Y00.png,snapshot_223,40,0,1,0.9761988
dataset\test\no_bar\snapshot_223_X40_Y10.png,snapshot_223,40,10,1,0.98248124
dataset\test\no_bar\snapshot_223_X40_Y20.png,snapshot_223,40,20,1,0.9324279
dataset\test\no_bar\snapshot_223_X40_Y30.png,snapshot_223,40,30,1,0.9148887
dataset\test\no_bar\snapshot_223_X40_Y40.png,snapshot_223,40,40,1,0.49216738
dataset\test\no_bar\snapshot_306_X00_Y00.png,snapshot_306,0,0,1,0.99969536
dataset\test\no_bar\snapshot_306_X00_Y10.png,snapshot_306,0,10,1,0.96617633
dataset\test\no_bar\snapshot_306_X00_Y20.png,snapshot_306,0,20,1,0.91261077
dataset\test\no_bar\snapshot_306_X00_Y30.png,snapshot_306,0,30,1,0.97571856
dataset\test\no_bar\snapshot_306_X00_Y40.png,snapshot_306,0,40,1,0.9009505
dataset\test\no_bar\snapshot_306_X10_Y00.png,snapshot_306,10,0,1,0.9644137
dataset\test\no_bar\snapshot_306_X10_Y10.png,snapshot_306,10,10,1,0.86361927
dataset\test\no_bar\snapshot_306_X10_Y20.png,snapshot_306,10,20,1,0.9299689
dataset\test\no_bar\snapshot_306_X10_Y30.png,snapshot_306,10,30,1,0.949939
dataset\test\no_bar\snapshot_306_X10_Y40.png,snapshot_306,10,40,1,0.93714213
dataset\test\no_bar\snapshot_306_X20_Y00.png,snapshot_306,20,0,1,0.95071185
dataset\test\no_bar\snapshot_306_X20_Y10.png,snapshot_306,20,10,1,0.98995847
dataset\test\no_bar\snapshot_306_X20_Y20.png,snapshot_306,20,20,1,0.40256372
dataset\test\no_bar\snapshot_306_X20_Y30.png,snapshot_306,20,30,1,0.8883678
dataset\test\no_bar\snapshot_306_X20_Y40.png,snapshot_306,20,40,1,0.93338287
dataset\test\no_bar\snapshot_306_X30_Y00.png,snapshot_306,30,0,1,0.5429549
dataset\test\no_bar\snapshot_306_X30_Y10.png,snapshot_306,30,10,1,0.7271867
dataset\test\no_bar\snapshot_306_X30_Y20.png,snapshot_306,30,20,1,0.8554704
dataset\test\no_bar\snapshot_306_X30_Y30.png,snapshot_306,30,30,1,0.6724222
dataset\test\no_bar\snapshot_306_X30_Y40.png,snapshot_306,30,40,1,0.605211
dataset\test\no_bar\snapshot_306_X40_Y00.png,snapshot_306,40,0,1,0.9925516
dataset\test\no_bar\snapshot_306_X40_Y10.png,snapshot_306,40,10,1,0.09057153
dataset\test\no_bar\snapshot_306_X40_Y20.png,snapshot_306,40,20,1,0.47862217
dataset\test\no_bar\snapshot_306_X40_Y30.png,snapshot_306,40,30,1,0.9021379
dataset\test\no_bar\snapshot_306_X40_Y40.png,snapshot_306,40,40,1,0.78694785
